RRsep[mm],Ti[eV],err_Ti[eV]
29.7989949748739,22,8.97858529884901
24.145728643216,23,6.04901426276953
18.4924623115576,18.7,8.00674759426979
35.4522613065328,14,7.58877044957695
29.7989949748739,12,4.56618756408764
24.145728643216,15,3.16023213865338
18.4924623115576,15,4.27195844564015
NaN,NaN,NaN
NaN,NaN,NaN
NaN,NaN,NaN
NaN,NaN,NaN
NaN,NaN,NaN
NaN,NaN,NaN
NaN,NaN,NaN
NaN,NaN,NaN
NaN,NaN,NaN
NaN,NaN,NaN
NaN,NaN,NaN
NaN,NaN,NaN
NaN,NaN,NaN
NaN,NaN,NaN
NaN,NaN,NaN
NaN,NaN,NaN
NaN,NaN,NaN
NaN,NaN,NaN
NaN,NaN,NaN
NaN,NaN,NaN
NaN,NaN,NaN
NaN,NaN,NaN
NaN,NaN,NaN
