RRsep[mm],Ti[eV],err_Ti[eV]
29.7989949748739,25.01,8.97858529884901
24.145728643216,29.7,6.04901426276953
18.4924623115576,18.5273329787755,8.00674759426979
35.4522613065328,15,7.58877044957695
29.7989949748739,6,4.56618756408764
24.145728643216,18,3.16023213865338
18.4924623115576,16,4.27195844564015
NaN,NaN,NaN
NaN,NaN,NaN
NaN,NaN,NaN
NaN,NaN,NaN
NaN,NaN,NaN
NaN,NaN,NaN
NaN,NaN,NaN
NaN,NaN,NaN
NaN,NaN,NaN
NaN,NaN,NaN
NaN,NaN,NaN
NaN,NaN,NaN
NaN,NaN,NaN
NaN,NaN,NaN
NaN,NaN,NaN
NaN,NaN,NaN
NaN,NaN,NaN
NaN,NaN,NaN
NaN,NaN,NaN
NaN,NaN,NaN
NaN,NaN,NaN
NaN,NaN,NaN
NaN,NaN,NaN
